,age
Adams and Reese,1951
Akin Gump,1945
Alston & Bird,1893
Andrews Kurth,1902
Arent Fox,1942
Arnold & Porter,1946
Baker & Hostetler,1863
Baker & McKenzie,1916
Baker and Daniels,1949
Ballard Spahr Andrews and Ingersoll,1886
Barnes and Thornburg,1940
Bingham McCutchen,1891
Blank Rome,1946
Boies Schiller and Flexner,1997
Brown Rudnick Berlack Israels,1948
Bryan Cave,1873
Buchanan Ingersoll,1850
Cadwalader,1792
Cahill Gordon,1919
Carlton Fields,1901
Chadbourne & Parke,1902
Choate Hall and Stewart,1899
Cleary Gottlieb,1946
Cooley Godward,1920
Covington & Burling,1919
Cravath,1819
Crowell and Moring,1979
Davis Polk,1849
Davis Wright Tremaine,1908
Debevoise & Plimpton,1931
Dechert,1875
Dewey Ballantine,1909
Dickstein Shapiro,1953
DLA Piper,1936
Dorsey & Whitney,1912
Drinker Biddle,1849
Dykema Gossett,1926
Edwards Angell,1894
Faegre & Benson,1886
Fenwick & West,1972
Fish & Richardson,1878
Foley & Lardner,1842
Foley Hoag,1943
Fried Frank,1971
Frost Brown Todd,1919
Fulbright & Jaworski,1919
Gardner Carton and Douglas,1910
Gibson Dunn,1890
Goodwin Procter,1912
Greenberg Traurig,1967
Haynes and Boone,1970
Heller Ehrman,1890
Hogan & Hartson,1904
Holland & Knight,1889
Howrey,1956
Hughes Hubbard,1888
Hunton & Williams,1901
Husch and Eppenberger,1922
Irell and Manella,1941
Jenner & Block,1914
Jones Day,1893
Katten Muchin,1974
Kaye Scholer,1917
Kelley Drye and Warren,1836
Kilpatrick Stockton,1874
King & Spalding,1885
Kirkland & Ellis,1908
Kirkpatrick & Lockhart,1981
Kramer Levin,1968
Latham & Watkins,1934
LeBoeuf Lamb,1929
Locke Liddell and Sapp,1891
Loeb and Loeb,1909
Lord Bissell and Brook,1914
Lowenstein Sandler,1961
Luce Forward Hamilton and Scripps,1873
Manatt Phelps and Phillips,1965
Mayer Brown,1881
McCarter and English,1844
McDermott Will,1934
McKee Nelson,1999
Michael Best and Friedrich,1848
Milbank Tweed,1866
Miller Canfield Paddock and Stone,1852
Mintz Levin,1933
Moore and Van Allen,1933
Morgan Lewis,1873
Morrison & Foerster,1883
Munger Tolles and Olson,1962
Nelson Mullins Riley and Scarborough,1897
Nixon Peabody,1999
O'Melveny & Myers,1885
Orrick,1863
Patton Boggs,1962
Paul Hastings,1951
Paul Weiss,1946
Perkins Coie,1912
Pillsbury Winthrop,1848
Porter Wright Morris and Arthur,1846
Preston Gates and Ellis,1883
Proskauer Rose,1875
Quarles and Brady,1974
Quinn Emanuel Urquhart Oliver and Hedges,1986
Reed Smith,1877
Robins Kaplan Miller and Ciresi,1938
Robinson and Cole,1845
Ropes & Gray,1865
Saul Ewing,1921
Schiff Hardin,1864
Schulte Roth,1969
Sedgwick Detert Moran and Arnold,1933
Shearman & Sterling,1873
Sheppard Mullin,1927
Sidley Austin,1866
Simpson Thacher,1884
Skadden,1948
Snell and Wilmer,1938
Sonnenschein,1906
Steptoe & Johnson,1913
Stroock & Stroock,1876
Sullivan & Cromwell,1879
Sutherland Asbill,1924
Thelen Reid,1924
Thompson and Knight,1887
Venable,1900
Vinson & Elkins,1917
Vorys Sater Seymour and Pease,1909
Weil Gotshal,1931
White & Case,1901
Wiley Rein and Fielding,1983
Williams and Connolly,1967
Willkie Farr,1940
Wilmer Cutler,1918
Wilson Sonsini,1961
Winstead Sechrest,1973
Winston & Strawn,1853
Wolf Block Schorr and Solis-Cohen,1903
Womble Carlyle,1876
